{
  "Total" : {
    "transaction" : "Total",
    "sampleCount" : 5000,
    "errorCount" : 0,
    "errorPct" : 0.0,
    "meanResTime" : 1.2649999999999981,
    "medianResTime" : 1.0,
    "minResTime" : 0.0,
    "maxResTime" : 20.0,
    "pct1ResTime" : 2.0,
    "pct2ResTime" : 2.0,
    "pct3ResTime" : 2.0,
    "throughput" : 166.9058984544514,
    "receivedKBytesPerSec" : 55.25498005474513,
    "sentKBytesPerSec" : 45.63833160863905
  },
  "Client Login" : {
    "transaction" : "Client Login",
    "sampleCount" : 5000,
    "errorCount" : 0,
    "errorPct" : 0.0,
    "meanResTime" : 1.2649999999999981,
    "medianResTime" : 1.0,
    "minResTime" : 0.0,
    "maxResTime" : 20.0,
    "pct1ResTime" : 2.0,
    "pct2ResTime" : 2.0,
    "pct3ResTime" : 2.0,
    "throughput" : 166.9058984544514,
    "receivedKBytesPerSec" : 55.25498005474513,
    "sentKBytesPerSec" : 45.63833160863905
  }
}