{
  "Total" : {
    "transaction" : "Total",
    "sampleCount" : 1000,
    "errorCount" : 0,
    "errorPct" : 0.0,
    "meanResTime" : 2.2289999999999996,
    "medianResTime" : 2.0,
    "minResTime" : 0.0,
    "maxResTime" : 11.0,
    "pct1ResTime" : 3.0,
    "pct2ResTime" : 6.0,
    "pct3ResTime" : 7.0,
    "throughput" : 33.63379523745459,
    "receivedKBytesPerSec" : 11.134625571774519,
    "sentKBytesPerSec" : 9.196740885241491
  },
  "Client Login" : {
    "transaction" : "Client Login",
    "sampleCount" : 1000,
    "errorCount" : 0,
    "errorPct" : 0.0,
    "meanResTime" : 2.2289999999999996,
    "medianResTime" : 2.0,
    "minResTime" : 0.0,
    "maxResTime" : 11.0,
    "pct1ResTime" : 3.0,
    "pct2ResTime" : 6.0,
    "pct3ResTime" : 7.0,
    "throughput" : 33.63379523745459,
    "receivedKBytesPerSec" : 11.134625571774519,
    "sentKBytesPerSec" : 9.196740885241491
  }
}