{
  "Total" : {
    "transaction" : "Total",
    "sampleCount" : 2000,
    "errorCount" : 0,
    "errorPct" : 0.0,
    "meanResTime" : 2.0475000000000008,
    "medianResTime" : 2.0,
    "minResTime" : 0.0,
    "maxResTime" : 36.0,
    "pct1ResTime" : 3.0,
    "pct2ResTime" : 4.0,
    "pct3ResTime" : 7.0,
    "throughput" : 67.06683209818584,
    "receivedKBytesPerSec" : 22.202789141879883,
    "sentKBytesPerSec" : 18.33858690184769
  },
  "Client Login" : {
    "transaction" : "Client Login",
    "sampleCount" : 2000,
    "errorCount" : 0,
    "errorPct" : 0.0,
    "meanResTime" : 2.0475000000000008,
    "medianResTime" : 2.0,
    "minResTime" : 0.0,
    "maxResTime" : 36.0,
    "pct1ResTime" : 3.0,
    "pct2ResTime" : 4.0,
    "pct3ResTime" : 7.0,
    "throughput" : 67.06683209818584,
    "receivedKBytesPerSec" : 22.202789141879883,
    "sentKBytesPerSec" : 18.33858690184769
  }
}