{
  "Total" : {
    "transaction" : "Total",
    "sampleCount" : 200,
    "errorCount" : 0,
    "errorPct" : 0.0,
    "meanResTime" : 2.0850000000000013,
    "medianResTime" : 2.0,
    "minResTime" : 1.0,
    "maxResTime" : 23.0,
    "pct1ResTime" : 3.0,
    "pct2ResTime" : 4.0,
    "pct3ResTime" : 9.980000000000018,
    "throughput" : 44.00440044004401,
    "receivedKBytesPerSec" : 8.168316831683168,
    "sentKBytesPerSec" : 13.962157934543455
  },
  "Client Registration" : {
    "transaction" : "Client Registration",
    "sampleCount" : 200,
    "errorCount" : 0,
    "errorPct" : 0.0,
    "meanResTime" : 2.0850000000000013,
    "medianResTime" : 2.0,
    "minResTime" : 1.0,
    "maxResTime" : 23.0,
    "pct1ResTime" : 3.0,
    "pct2ResTime" : 4.0,
    "pct3ResTime" : 9.980000000000018,
    "throughput" : 44.00440044004401,
    "receivedKBytesPerSec" : 8.168316831683168,
    "sentKBytesPerSec" : 13.962157934543455
  }
}