{
  "Total" : {
    "transaction" : "Total",
    "sampleCount" : 500,
    "errorCount" : 0,
    "errorPct" : 0.0,
    "meanResTime" : 2.151999999999998,
    "medianResTime" : 2.0,
    "minResTime" : 0.0,
    "maxResTime" : 9.0,
    "pct1ResTime" : 4.0,
    "pct2ResTime" : 5.0,
    "pct3ResTime" : 8.0,
    "throughput" : 16.989466530750935,
    "receivedKBytesPerSec" : 5.62444253312946,
    "sentKBytesPerSec" : 4.645557254502209
  },
  "Client Login" : {
    "transaction" : "Client Login",
    "sampleCount" : 500,
    "errorCount" : 0,
    "errorPct" : 0.0,
    "meanResTime" : 2.151999999999998,
    "medianResTime" : 2.0,
    "minResTime" : 0.0,
    "maxResTime" : 9.0,
    "pct1ResTime" : 4.0,
    "pct2ResTime" : 5.0,
    "pct3ResTime" : 8.0,
    "throughput" : 16.989466530750935,
    "receivedKBytesPerSec" : 5.62444253312946,
    "sentKBytesPerSec" : 4.645557254502209
  }
}