{
  "Total" : {
    "transaction" : "Total",
    "sampleCount" : 1500,
    "errorCount" : 0,
    "errorPct" : 0.0,
    "meanResTime" : 2.085333333333329,
    "medianResTime" : 2.0,
    "minResTime" : 0.0,
    "maxResTime" : 18.0,
    "pct1ResTime" : 3.0,
    "pct2ResTime" : 4.0,
    "pct3ResTime" : 7.0,
    "throughput" : 50.3068719187041,
    "receivedKBytesPerSec" : 16.65432576214911,
    "sentKBytesPerSec" : 13.755785290270651
  },
  "Client Login" : {
    "transaction" : "Client Login",
    "sampleCount" : 1500,
    "errorCount" : 0,
    "errorPct" : 0.0,
    "meanResTime" : 2.085333333333329,
    "medianResTime" : 2.0,
    "minResTime" : 0.0,
    "maxResTime" : 18.0,
    "pct1ResTime" : 3.0,
    "pct2ResTime" : 4.0,
    "pct3ResTime" : 7.0,
    "throughput" : 50.3068719187041,
    "receivedKBytesPerSec" : 16.65432576214911,
    "sentKBytesPerSec" : 13.755785290270651
  }
}