{
  "Total" : {
    "transaction" : "Total",
    "sampleCount" : 200,
    "errorCount" : 0,
    "errorPct" : 0.0,
    "meanResTime" : 2.360000000000002,
    "medianResTime" : 2.0,
    "minResTime" : 1.0,
    "maxResTime" : 15.0,
    "pct1ResTime" : 4.0,
    "pct2ResTime" : 6.0,
    "pct3ResTime" : 11.990000000000009,
    "throughput" : 7.009427680229909,
    "receivedKBytesPerSec" : 2.3205038902323625,
    "sentKBytesPerSec" : 1.9166403813128656
  },
  "Client Login" : {
    "transaction" : "Client Login",
    "sampleCount" : 200,
    "errorCount" : 0,
    "errorPct" : 0.0,
    "meanResTime" : 2.360000000000002,
    "medianResTime" : 2.0,
    "minResTime" : 1.0,
    "maxResTime" : 15.0,
    "pct1ResTime" : 4.0,
    "pct2ResTime" : 6.0,
    "pct3ResTime" : 11.990000000000009,
    "throughput" : 7.009427680229909,
    "receivedKBytesPerSec" : 2.3205038902323625,
    "sentKBytesPerSec" : 1.9166403813128656
  }
}